genus,cultivar_name,trade_name,introduced_year,originator,patent_id,parentage,source_url,popularity_basis,verification_status,notes
Philodendron,Imperial Green,Imperial Green,1988 (patent publication; market-release year not separately verified),Paul DeCoster,USPP6086P,"Unknown; selected from random seedlings obtained from Bamboo Nursery, Apopka, Florida; parent species not identified in patent.",https://patents.google.com/patent/USPP6086P/en,Legacy commercial self-heading philodendron; patent family; nursery catalog presence.,verified patent; market release unknown,Do not treat patent publication as exact retail launch date.
Philodendron,Imperial Red,Imperial Red,1988 (patent publication; market-release year not separately verified),Paul DeCoster,USPP6337P,"Unknown; selected from random seedlings obtained from Bamboo Nursery, Apopka, Florida; parent species not identified in patent.",https://patents.google.com/patent/USPP6337P/en,Legacy commercial self-heading philodendron; parent of Rojo Congo.,verified patent; market release unknown,Important because it is named parent in Rojo Congo patent.
Philodendron,Prince of Orange,Prince of Orange / Orange Prince,1989 (patent publication; market-release year not separately verified),Howard N. Miller,USPP6797P,"Yellow-green seedling line 6634-14 × unnamed seedling with parentage including P. domesticum, P. erubescens, P. wendlandii, and P. imbe.",https://patents.google.com/patent/USPP6797P/en,Common retail cultivar; patent cited in plant-care and catalog sources.,verified patent; market release unknown,Explicitly excluded requested Philodendron cultivar from the dataset.
Philodendron,Black Cardinal,Black Cardinal,1984 (patent grant; market-release year not separately verified),Robert H. McColley / McColley family breeding line (exact originator in row needs patent-level review),USPP5355P,"Complex breeding line involving P. wendlandii, P. hastatum, P. erubescens, P. imbe, P. fragrantissimum, and an unnamed species per patent abstract/search record.",https://patents.google.com/patent/USPP5355P/en,Legacy dark-foliage philodendron; common collector and nursery cultivar.,patent located; row should be rechecked against full patent text,"Parentage summarized from patent search result, not fully transcribed."
Philodendron,Baron,Baron,1989 (patent publication; market-release year not separately verified),unknown,USPP6794P,unknown,https://patents.google.com/patent/USPP6794P/en,Legacy patented philodendron cultivar; used as target placeholder for full patent extraction.,patent located; details incomplete,Needs full patent review for originator and parentage.
Philodendron,Ruby,Ruby,1988 (patent publication; market-release year not separately verified),unknown,USPP6098P,unknown,https://patents.google.com/patent/USPP6098P/en,Legacy patented philodendron cultivar; used as target placeholder for full patent extraction.,patent located; details incomplete,Needs full patent review for originator and parentage.
Philodendron,Congo,Green Congo / Congo Green,2001 (patent grant; market-release year not separately verified),unknown,USPP11724P,"Self-pollination of an unidentified Philodendron tatei subsp. melanochlorum selection, made August 1993; selected April 1995.",https://patents.google.com/patent/USPP11724P/en,Oglesby commercial self-heading philodendron line; paired with Rojo Congo in commercial notes.,verified patent parentage; originator incomplete,Oglesby notes also list PAT#11724.
Philodendron,Rojo Congo,Rojo Congo / Red Congo / Congo Rojo,2003 (patent grant; selected 1996; asexually propagated since 1998),Marian W. Osiecki,USPP14116P3,Female parent Philodendron 'Imperial Red' × male parent unidentified Philodendron tatei subsp. melanochlorum selection.,https://patents.google.com/patent/USPP14116P3/en,Mass-market self-heading philodendron; parent/sport source for Birkin claims in commercial guides.,verified patent,"Patent expired, but legal status should be checked jurisdiction-by-jurisdiction."
Philodendron,Lemon Lime,Lemon Lime,2009 (patent grant; market-release year not separately verified),Tai Yam,USPP20757,unknown in collected source pass,https://patents.justia.com/patents-by-us-classification/PLT/381,Common bright foliage philodendron in retail and collector lists.,patent found in Justia class listing; parentage incomplete,Patent ID and inventor from Justia Philodendron patent class listing.
Philodendron,McColley's Finale,McColley's Finale,2001 (patent grant; market-release year not separately verified),Cora McColley,USPP12144P2,Unknown complex hybrid; patent states exact parentage unknown but resembles Prince of Orange and Black Cardinal in comparisons.,https://patents.google.com/patent/USPP12144P2/en,Collector/commercial philodendron; legacy patented McColley line.,verified patent,Patent expired per Google patent status in collected pass.
Philodendron,Summer Glory,Summer Glory,2022 (patent publication; market-release year not separately verified),unknown,USPP34347P2,Unnamed Philodendron hybrid female × unnamed P. gloriosum male; cross made August 2016; asexually reproduced August 2020.,https://patents.google.com/patent/USPP34347P2/en,Popular newer hybrid in aroid trade; patented hybrid with P. gloriosum background.,verified patent parentage; originator incomplete,Need originator/inventor normalization from full patent metadata.
Philodendron,Fire Moon,Fire Moon,2023 (patent publication; market-release year not separately verified),unknown,USPP35428P2,Accidental breeding/self-pollination of unidentified Philodendron 'Red Moon'; selected May 2021.,https://patents.google.com/patent/USPP35428P2/en,High-interest variegated/colored aroid trade cultivar.,verified patent parentage; originator incomplete,Patent active status should be confirmed before propagation/commercial use.
Philodendron,Variegated Sport #1,Variegated Sport #1,2005 (patent publication; market-release year not separately verified),unknown,USPP16150P2,"Naturally occurring whole-plant mutation of Philodendron 'Prince of Orange', found in Apopka, Florida in summer 2000.",https://patents.google.com/patent/USPP16150P2/en,Relevant sport of a top commercial cultivar; patent target.,verified patent parentage; originator incomplete,"Not necessarily a top consumer trade name, but legally relevant."
Philodendron,Birkin,Birkin,unknown,unknown,unknown,Believed/reported in commercial guide as a sport of Red Congo/Rojo Congo; not verified from an authority in this pass.,https://costafarms.com/blogs/plant-finder/philodendron,Extremely common big-box and collector cultivar; Costa describes it as a newer philodendron and likely sport.,commercial-source only; unverified origin,"Treat parentage as claim, not registry-level fact."
Philodendron,Golden Goddess,Golden Goddess,unknown,unknown,unknown,Commercial source reports Golden Goddess as a sport of Thai Sunrise.,https://costafarms.com/blogs/plant-finder/philodendron,Common retail neon/yellow philodendron cultivar.,commercial-source only,Needs IAS/RHS registry lookup.
Philodendron,Thai Sunrise,Thai Sunrise,unknown,unknown,unknown,unknown,https://costafarms.com/blogs/plant-finder/philodendron,Named in commercial guide as related to Golden Goddess; collector cultivar.,commercial-source only,Needs registry/patent search expansion.
Philodendron,White Knight,White Knight,unknown,unknown,unknown,unknown,https://costafarms.com/products/philodendron-white-knight,Hard-to-find variegated philodendron in commercial nursery listing.,commercial-source only,No patent found in collected pass.
Philodendron,Florida Ghost,Florida Ghost,2025 (commercial page date; true market release unknown),unknown,unknown,unknown,https://costafarms.com/blogs/plant-finder/florida-ghost-philodendron,Collector cultivar now appearing in commercial plant-finder/catalog sources.,commercial-source only,Commercial page date is not a formal introduction year.
Philodendron,White Wizard,White Wizard,unknown,unknown,unknown,unknown,https://www.realsimple.com/philodendron-varieties-7550278,Named in mainstream popular philodendron cultivar lists.,hobby/commercial-source only,Needs nursery/registry/patent expansion.
Philodendron,Ring of Fire,Ring of Fire,unknown,unknown,unknown,unknown,https://www.realsimple.com/philodendron-varieties-7550278,Named in mainstream popular philodendron cultivar lists.,hobby/commercial-source only,Needs nursery/registry/patent expansion.
Monstera,Thai Constellation,Thai Constellation,unknown; mass-market hype documented around early 2020s,unknown; associated with Thailand/tissue-culture trade in collected sources,none verified; Costa Farms says Thai Constellation will not be patented,Believed naturally occurring mutation of M. deliciosa; commonly propagated by tissue culture.,https://costafarms.com/blogs/get-growing/about-plant-patents,One of the best-known variegated Monstera cultivars in mass-market and collector channels.,commercial-source; patent-negative claim verified by Costa statement,Contradictory web claims exist; Costa patent page used over low-quality sources.
Monstera,Albo Borsigiana,Albo / Albo Variegata,unknown,unknown,unknown,unknown variegated selection/sport; source only verifies presence in variegated Monstera trade list.,https://www.thespruce.com/variegated-monstera-varieties-5323448,Core high-demand variegated Monstera trade cultivar.,hobbyist/commercial-source only,Needs non-wild horticultural registry confirmation.
Monstera,Aurea,Aurea / Yellow Variegata,unknown,unknown,unknown,unknown variegated selection/sport; source only verifies presence in variegated Monstera trade list.,https://www.thespruce.com/variegated-monstera-varieties-5323448,Common named variegated Monstera target among collectors.,hobbyist/commercial-source only,Needs patent/authority verification.
Monstera,Mint,Mint Monstera,unknown,unknown,unknown,unknown variegated selection/sport; source only verifies presence in variegated Monstera trade list.,https://www.thespruce.com/variegated-monstera-varieties-5323448,High-demand variegated collector Monstera target.,hobbyist/commercial-source only,Needs patent/authority verification.
Monstera,Variegata,Monstera Variegata,unknown,unknown,unknown,unknown variegated selection/sport; source only verifies presence in variegated Monstera trade list.,https://www.thespruce.com/variegated-monstera-varieties-5323448,Generic/common variegated Monstera trade label.,hobbyist/commercial-source only,Name is broad and unstable; needs de-duplication against Albo/Aurea/Mint labels.
Monstera,HUTAMT41,Vietciosa,2024 (patent publication/grant cycle; market-release year unknown),unknown,USPP36063P2,"Induced whole-plant mutation of unnamed M. deliciosa using EMS; tissue-culture origin in Hanoi, Vietnam, spring 2019.",https://patents.google.com/patent/USPP36063P2/en,Recent patented variegated Monstera target; trade name appears in patent/title sources.,verified patent parentage; originator incomplete,Legally important even if less common than Thai/Albo.
Monstera,Sumi1,unknown,2024 (patent grant; market-release year unknown),unknown,PP35706,"Induced whole-plant mutation of Monstera deliciosa 'Thai Constellation' in a tissue-culture lab in Nong Sam Wang, Pathum Thani, Thailand.",https://patents.justia.com/patent/PP35706,Recent patent directly derived from Thai Constellation; legal/propagation relevance.,verified patent parentage; originator incomplete,Trade name not captured in source pass.
Epipremnum,NJOY,N'Joy / NJOY,2009 (patent grant; market-release year not separately verified),Ashish Hansoti,USPP19965P2,Naturally occurring branch mutation of Epipremnum 'Marble Queen'.,https://patents.google.com/patent/USPP19965P2/en,Top mass-market pothos cultivar; patent and nursery references.,verified patent,Often sold under stylized N'Joy spelling.
Epipremnum,UFM12,Pearls and Jade®,2009/2010 (release/licensing and patent cycle; exact retail introduction varies by source),University of Florida,USPP21217P2,Gamma-irradiated cuttings of Epipremnum 'Marble Queen'.,https://patents.google.com/patent/USPP21217P2/en,Top mass-market patented pothos; Costa/UF references.,verified patent; commercial release timing partly inferred,"Costa lists PP21,217; UF sources describe licensed propagation/distribution."
Epipremnum,HANSOTI14,Manjula,2016 (patent grant; market-release year not separately verified),Ashish Hansoti,USPP27117P3,"Naturally occurring branch mutation of proprietary Epipremnum pinnatum 'Compacta' selection, discovered near Mumbai, India in 2010.",https://patents.google.com/patent/USPP27117P3/en,Top variegated pothos cultivar; Costa patent list.,verified patent,Costa lists Manjula Pothos as patented by Ashish Hansoti.
Epipremnum,Global Green,Global Green Pothos,2021 (patent grant; market-release year not separately verified),Hiroaki Asaoka,USPP33530P2,unknown in collected source pass,https://costafarms.com/pages/patents,Mass-market Costa pothos release; patented and widely marketed.,patent/source verified; parentage incomplete,Costa lists exclusive North American propagation rights.
Epipremnum,CF-MKR-EA1,unknown,2024/2025 (patent cycle; market-release year unknown),Hiroaki Asaoka,PP36293P2,unknown in collected source pass,https://costafarms.com/pages/patents,Recent Costa-listed patented Epipremnum target.,patent/source verified; trade name incomplete,Likely needs crosswalk to commercial release name.
Epipremnum,Marble Queen,Marble Queen Pothos,unknown,unknown,unknown,unknown; verified as parent/source cultivar for NJOY and Pearls and Jade in patent/commercial records.,https://costafarms.com/blogs/plant-finder/pothos,Foundational popular pothos cultivar; parent of multiple patented sports.,commercial-source/patent-parent reference; origin unknown,Not patented in collected pass.
Epipremnum,Golden Pothos,Golden Pothos,unknown,unknown,unknown,unknown,https://costafarms.com/blogs/plant-finder/pothos,Core mass-market pothos variety in commercial guide.,commercial-source only,Often confused with species/common plant labels; needs cultivar-name normalization.
Epipremnum,Neon,Neon Pothos,unknown,unknown,unknown,unknown,https://costafarms.com/blogs/plant-finder/pothos,Core mass-market pothos cultivar in commercial guide.,commercial-source only,No patent found in collected pass.
Epipremnum,Sao Paulo,Sao Paulo,2025 (patent grant; market-release year unknown),Tai Yam,PP37025,unknown in collected source pass,https://patents.justia.com/patents-by-us-classification/PLT/373,Recent patented Epipremnum target; legal watchlist.,patent located; details incomplete,Needs full patent review.
Syngonium,Neon Robusta,Neon Robusta,2007 (patent grant; asexually propagated since June 2003),Randall E. Strode,USPP18013P2,unknown; patent verifies cultivar denomination and asexual propagation history but collected pass did not capture parentage.,https://patents.google.com/patent/USPP18013P2/en,Common pink Syngonium in mass-market and specialty trade.,verified patent; parentage incomplete,"Agri-Starts commercial listing also verifies PP18,013."
Syngonium,Confetti,Confetti,2007 (patent grant; market-release year not separately verified),Randall E. Strode,PP18016,unknown in collected source pass,https://patents.justia.com/patents-by-us-classification/PLT/374,Common speckled/pink Syngonium; patent class listing.,verified patent listing; parentage incomplete,Needs full patent page extraction.
Syngonium,CLA 20230912,unknown,2024 (patent grant),Chen Shih Jhe,PP36275,unknown in collected source pass,https://patents.justia.com/patents-by-us-classification/PLT/374,Recent patented speckled Syngonium target.,verified patent listing; parentage incomplete,Trade name may not yet be public-facing or was not captured.
Syngonium,Milk Confetti,Milk Confetti,unknown,unknown,unknown,unknown,https://www.mercerbotanicals.com/products/syngonium/neon-robusta-pp-18013.html,High-demand hobbyist Syngonium target; included due cultivar family adjacency.,hobby/commercial-source weak; details unknown,No strong authority source captured in this pass; row retained as target only.
Syngonium,Berry Allusion,Berry Allusion,unknown,unknown,unknown,unknown,https://www.mercerbotanicals.com/products/syngonium/neon-robusta-pp-18013.html,Popular Syngonium retail cultivar family; included for target coverage.,hobby/commercial-source weak; details unknown,Needs nursery/registry/patent expansion.
Alocasia,Dawn,Dawn / Alocasia Dawn,2023 (patent grant; selected for commercialization after stability confirmation),unknown,PP35010,"Naturally occurring whole-plant mutation of unnamed Alocasia macrorrhiza variegata; discovered in 2018 at a commercial shade house in Miami, Florida.",https://patents.justia.com/patent/PP35010,Big-box rare/variegated Alocasia release; patent and commercial listings.,verified patent parentage; originator incomplete,Nature's Way/Amazon listing also references PP35010 and limited release.
Alocasia,Green Unicorn,Green Unicorn,2023 (patent grant),unknown,PP35554,Unnamed unpatented Alocasia azlanii female × Alocasia baginda 'Dragon Scale' male; controlled cross made July 2021.,https://patents.justia.com/patent/PP35554,High-interest hybrid Alocasia; patented collector cultivar.,verified patent,Inventor/originator should be cross-checked in full patent metadata.
Alocasia,Dark Star,Dark Star,2016 (patent grant; market-release year not separately verified),LariAnn Garner,PP29870,unknown in collected source pass,https://patents.justia.com/inventor/lariann-garner,Known LariAnn Garner hybrid/collector Alocasia.,patent located; parentage incomplete,Needs full patent extraction.
Alocasia,Dragon Wings,Dragon Wings,2025 (patent grant),David Fell,PP36932,unknown in collected source pass,https://patents.justia.com/patents-by-us-classification/PLT/373,Recent patented Alocasia target from commercial tropical breeding pipeline.,verified patent listing; parentage incomplete,Needs full patent page extraction.
Alocasia,Silver Wings,Silver Wings,2025 (patent grant),David Fell,PP36933,unknown in collected source pass,https://patents.justia.com/patents-by-us-classification/PLT/373,Recent patented Alocasia target from commercial tropical breeding pipeline.,verified patent listing; parentage incomplete,Needs full patent page extraction.
Alocasia,White Dragon,White Dragon,2025 (patent grant),David Fell,PP36966,unknown in collected source pass,https://patents.justia.com/inventor/david-fell,High-demand Alocasia trade name; recent patent listing.,verified patent listing; parentage incomplete,Needs full patent page extraction.
Alocasia,Black Velvet,Black Velvet,unknown,unknown,unknown,unknown,https://costafarms.com/blogs/plant-finder/alocasia,Very common commercial/collector Alocasia cultivar target.,commercial-source only,No patent found in collected pass.
Aglaonema,Siam Aurora,Siam Aurora / Red Aglaonema,unknown,unknown,unknown,unknown,https://www.homedepot.com/p/Costa-Farms-Trending-Tropicals-Red-Aglaonema-Siam-Aurora-Plant-in-6-in-Grower-Pot-CO-3-AGLA-SI/312317153,Popular big-box red Aglaonema cultivar.,commercial-source only,No patent found in collected pass.
Aglaonema,Queen of Siam,Queen of Siam,1989 (patent publication/grant cycle; market-release year unknown),unknown,USPP6842P,unknown in collected source pass,https://patents.google.com/patent/USPP6842P/en,Legacy patented Aglaonema cultivar target.,patent located; details incomplete,Needs full patent review.
Aglaonema,KKAG1201,unknown,2014 (patent grant),Kanchana Khemakongkanond,PP24626,unknown in collected source pass,https://patents.justia.com/patents-by-us-classification/PLT/376,Patented pink/cream Aglaonema line; target for trade-name crosswalk.,verified patent listing,Trade name not captured.
Aglaonema,KKAG201303,unknown,2015 (patent grant),Kanachana Khemakongkanond,PP25358,unknown in collected source pass,https://patents.justia.com/patents-by-us-classification/PLT/376,Patented Aglaonema line; target for trade-name crosswalk.,verified patent listing,Trade name not captured.
Aglaonema,KKAG201302,unknown,2015 (patent grant),Kanachana Khemakongkanond,PP25359,unknown in collected source pass,https://patents.justia.com/patents-by-us-classification/PLT/376,Patented pink/cream Aglaonema line; target for trade-name crosswalk.,verified patent listing,Trade name not captured.
Aglaonema,KKAG201301,unknown,2015 (patent grant),Kanachana Khemakongkanond,PP25379,unknown in collected source pass,https://patents.justia.com/patents-by-us-classification/PLT/376,Patented red/green Aglaonema line; target for trade-name crosswalk.,verified patent listing,Trade name not captured.
Aglaonema,MUKGEMPREM,unknown,2019 (patent grant),Parthasarathy Mukundan,PP30080,unknown in collected source pass,https://patents.justia.com/patents-by-us-classification/PLT/376,Patented commercial Aglaonema line; target for trade-name crosswalk.,verified patent listing,Trade name not captured.
Aglaonema,MUKCALSUP,unknown,2019 (patent grant),Parthasarathy Mukundan,PP30081,unknown in collected source pass,https://patents.justia.com/patents-by-us-classification/PLT/376,Patented commercial Aglaonema line; target for trade-name crosswalk.,verified patent listing,Trade name not captured.
Aglaonema,OSVAG2,unknown,2021 (patent grant),David Kirwan,PP33645,unknown in collected source pass,https://patents.justia.com/patents-by-us-classification/PLT/376,Recent patented Aglaonema line; target for trade-name crosswalk.,verified patent listing,Trade name not captured.
Aglaonema,Sumalee,Sumalee,2023 (patent grant),Paiboon Ployphommas,PP35252,unknown in collected source pass,https://patents.justia.com/patents-by-us-classification/PLT/376,Recent patented colorful Aglaonema line.,verified patent listing,Full patent page extraction recommended for parentage.
Begonia,Sophie Cecile,Sophie Cecile / Sylvia (synonym reported in iBegonias source),"1959 (ABS origin year; iBegonias lists 1961, conflict noted)",Belva Kusler,unknown,"ABS: B. aconitifolia × B. 'Lenore Olivier'; iBegonias gives parent order as 'Lenore Olivier' × aconitifolia, so parent order is conflicting.",https://www.begonias.org/cultivar-preservation/registered-cultivars/,Classic cane/superba Begonia cultivar; appears in ABS registry.,verified ABS registry; conflicting secondary source year/order,Use ABS as primary unless full registration scan says otherwise.
Begonia,Flamingo Queen,Flamingo Queen,1990 (ABS origin year; published 2002 Jan/Feb),Ross Bolwell,unknown,U078 × Begonia 'Lenore Olivier'.,https://www.begonias.org/cultivar-preservation/registered-cultivars/,Popular cane-like Begonia in specialty collections; ABS registry row captured.,verified ABS registry,Origin location AUS-NSW in ABS row.
Begonia,Looking Glass,Looking Glass,unknown,unknown,unknown,"unknown in collected source pass; ABS registry search showed other cultivars using Looking Glass as a parent, but did not capture the Looking Glass registration row.",https://www.rhs.org.uk/plants/195856/begonia-looking-glass/details,Widely sold silver cane Begonia; RHS plant page exists.,RHS/commercial-source only; parentage unknown,Needs ABS row extraction or cultivar-register lookup.
Begonia,Corallina de Lucerna,Lucerna / Corallina de Lucerna,unknown,unknown,unknown,unknown in collected source pass,https://www.begonias.org/cultivar-preservation/registered-cultivars/,Classic cane Begonia target; ABS registry search shows Lucerna-linked entries but not extracted parentage.,authority source searched; row incomplete,Needs targeted ABS full-table lookup.
Begonia,Sterling Moon,Lunar Lights™ Sterling Moon,2021 (patent grant; commercial introductions continuing in nursery catalogs),"Ozzie W. Johnson, Jr.",PP33164,unknown in collected source pass,https://patents.justia.com/patent/PP33164,Commercial hardy Begonia release; Southern Living/Plants Nouveau catalog presence.,verified patent,Southern Living lists Begonia hybrid 'Sterling Moon' PP33164.
Begonia,Canary Wing,Canary Wings,2016 (patent grant; public market debut noted around 2019 in horticulture posts),Jared Edward Hughes,PP27149,"Naturally occurring branch mutation of a plant grown from seed of Begonia seed strain Dragon Wing, per commercial plant database; patent states hybrid origin.",https://patents.justia.com/patents-by-us-classification/PLT/343?page=2,Widely marketed chartreuse Begonia; Ball/GPN culture report; patent.,verified patent listing; parentage from commercial plant database,Cultivar spelling appears as Canary Wing in patent and Canary Wings in trade.
Begonia,Summer Storm,Summer Storm,2024 (patent grant),John Boggan,PP36127,unknown in collected source pass,https://patents.justia.com/patents-by-us-classification/PLT/343,Recent patented Begonia target.,verified patent listing; parentage incomplete,Needs full patent page extraction.
Begonia,First Blush,TESSDARK / First Blush,2015 (patent grant),Frederic C. Yates,PP25974,unknown in collected source pass,https://patents.justia.com/patents-by-us-classification/PLT/343?page=2,Patented Begonia target; cultivar/trade-name crosswalk needed.,patent located in Justia class listing; details incomplete,Needs full patent page extraction.
Begonia,Plum Paisley,Plum Paisley,2017 (patent grant; market release unknown),"Ozzie W. Johnson, Jr.",unknown,unknown in collected source pass,https://patents.justia.com/patents-by-us-classification/PLT/343?page=2,Patented/registered Begonia target from commercial breeding pipeline.,Justia class-list target; patent ID not captured in collected pass,Needs full Justia page extraction.
Begonia,Escargot,Escargot,unknown,unknown,unknown,unknown in collected source pass,https://www.logees.com/begonia-escargot-begonia-rex-cultorum.html,Very popular Rex Begonia cultivar in commercial catalogs.,commercial-source only,No authority/patent data captured in this pass.
